Target_Audience_Age_Min,Target_Audience_Age_Max,Conversion_Rate,Acquisition_Cost,     ROI,    Clicks, Impressions,Engagement_Score,Duration_In_Days
Min.   :18.00  ,Min.   :24.00  ,Min.   :0.01000  ,Min.   : 5000  ,Min.   :2.000  ,Min.   : 100.0  ,Min.   : 1000  ,Min.   : 1.000  ,Min.   :15.0  
1st Qu.:18.00  ,1st Qu.:34.00  ,1st Qu.:0.05000  ,1st Qu.: 8740  ,1st Qu.:3.500  ,1st Qu.: 325.0  ,1st Qu.: 3266  ,1st Qu.: 3.000  ,1st Qu.:30.0  
Median :25.00  ,Median :34.00  ,Median :0.08000  ,Median :12496  ,Median :5.010  ,Median : 550.0  ,Median : 5518  ,Median : 5.000  ,Median :30.0  
Mean   :24.17  ,Mean   :35.97  ,Mean   :0.08007  ,Mean   :12504  ,Mean   :5.002  ,Mean   : 549.8  ,Mean   : 5507  ,Mean   : 5.495  ,Mean   :37.5  
3rd Qu.:25.00  ,3rd Qu.:44.00  ,3rd Qu.:0.12000  ,3rd Qu.:16264  ,3rd Qu.:6.510  ,3rd Qu.: 775.0  ,3rd Qu.: 7753  ,3rd Qu.: 8.000  ,3rd Qu.:45.0  
Max.   :35.00  ,Max.   :44.00  ,Max.   :0.15000  ,Max.   :20000  ,Max.   :8.000  ,Max.   :1000.0  ,Max.   :10000  ,Max.   :10.000  ,Max.   :60.0  
